{"TOTAL_MARKET_CAP": [{"timestamp": 1782015238.6520672, "value": 100.0}, {"timestamp": 1782018838.65209, "value": 110.0}], "BTC_DOMINANCE": [{"timestamp": 1782015238.6520672, "value": 52.0}, {"timestamp": 1782018838.6520908, "value": 51.0}], "STABLECOIN_DOMINANCE": [{"timestamp": 1782015238.6520672, "value": 7.0}, {"timestamp": 1782018838.652092, "value": 6.5}]}