{"LINK": [{"timestamp": 1780937905.553903, "value": 10.0}, {"timestamp": 1780937905.553948, "value": 10.5}], "CAKE": [{"timestamp": 1780937905.553903, "value": 10.0}, {"timestamp": 1780937905.553963, "value": 10.5}], "AAVE": [{"timestamp": 1780937905.553903, "value": 10.0}, {"timestamp": 1780937905.553925, "value": 10.5}]}