{"LINK": [{"timestamp": 1780934305.553904, "value": 500000.0}, {"timestamp": 1780937905.553945, "value": 12000000.0}], "CAKE": [{"timestamp": 1780934305.553904, "value": 500000.0}, {"timestamp": 1780937905.5539598, "value": 8000000.0}], "AAVE": [{"timestamp": 1780934305.553905, "value": 500000.0}, {"timestamp": 1780937905.553918, "value": 7000000.0}]}