{"LINK": [{"timestamp": 1780676902.91095, "value": 10.0}, {"timestamp": 1780676902.911029, "value": 10.5}], "CAKE": [{"timestamp": 1780676902.910951, "value": 10.0}, {"timestamp": 1780676902.91104, "value": 10.5}], "AAVE": [{"timestamp": 1780676902.910951, "value": 10.0}, {"timestamp": 1780676902.911005, "value": 10.5}]}