{"LINK": [{"timestamp": 1780673302.910975, "value": 500000.0}, {"timestamp": 1780676902.911026, "value": 12000000.0}], "CAKE": [{"timestamp": 1780673302.910976, "value": 500000.0}, {"timestamp": 1780676902.911038, "value": 8000000.0}], "AAVE": [{"timestamp": 1780673302.910976, "value": 500000.0}, {"timestamp": 1780676902.9109912, "value": 7000000.0}]}